Model,Accuracy,AUC,Precision,Recall,F1,MCC
Decision Tree,0.975,0.9735221674876848,0.9743589743589743,0.9827586206896551,0.9785407725321889,0.9486520971768231
