Model,Accuracy,AUC,Precision,Recall,F1,MCC
KNN,0.955,0.9763957307060754,0.9652173913043478,0.9568965517241379,0.961038961038961,0.9078345380507737
