Model,Accuracy,AUC,Precision,Recall,F1,MCC
Logistic Regression,0.97,0.9982553366174055,0.9661016949152542,0.9827586206896551,0.9743589743589743,0.93841975909282
