Model,Accuracy,AUC,Precision,Recall,F1,MCC
Naive Bayes,0.96,0.9939449917898194,0.95,0.9827586206896551,0.9661016949152542,0.9181395839231106
