Model,Accuracy,AUC,Precision,Recall,F1,MCC
Random Forest,0.985,0.9994868637110016,0.9829059829059829,0.9913793103448276,0.9871244635193133,0.9692123940380459
