Model,Accuracy,AUC,Precision,Recall,F1,MCC
XGBoost,0.985,0.9992816091954023,0.991304347826087,0.9827586206896551,0.987012987012987,0.969313174939088
